Chromosome,Position,Ref,Alt,DP,AC,AN,AF
NC_000005.10,56882045,acag,a,35,1,2,0.5
NC_000007.14,55181298,C,A,28,1,2,0.5
NC_000007.14,55181370,G,A,32,2,2,1.0
NC_000009.12,21974833,T,C,71,1,2,0.5
NC_000012.12,107933512,C,A,23,2,2,1.0
NC_000012.12,107933690,G,A,25,1,2,0.5
NC_000017.11,7675088,C,T,30,1,2,0.5
NC_000017.11,7675254,A,G,36,1,2,0.5
NC_000017.11,81071966,G,T,22,1,2,0.5
NC_000018.10,51054859,C,G,91,1,2,0.5
NC_000019.10,15614347,T,G,21,2,2,1.0
NC_000019.10,15614398,C,G,30,1,2,0.5
NC_000019.10,15614417,C,T,21,1,2,0.5
NC_000023.11,71141302,cagcaacaccag,cAGCAACACCAGTagcaacaccag,222,1,2,0.5
NC_000023.11,71141310,ccagcagcaacagcagca,cCAGCAGCAACAGcagcagcaacagcagca,221,1,2,0.5
